frame,label,lm_0_x,lm_0_y,lm_0_z,lm_0_v,lm_1_x,lm_1_y,lm_1_z,lm_1_v,lm_2_x,lm_2_y,lm_2_z,lm_2_v,lm_3_x,lm_3_y,lm_3_z,lm_3_v,lm_4_x,lm_4_y,lm_4_z,lm_4_v,lm_5_x,lm_5_y,lm_5_z,lm_5_v,lm_6_x,lm_6_y,lm_6_z,lm_6_v,lm_7_x,lm_7_y,lm_7_z,lm_7_v,lm_8_x,lm_8_y,lm_8_z,lm_8_v,lm_9_x,lm_9_y,lm_9_z,lm_9_v,lm_10_x,lm_10_y,lm_10_z,lm_10_v,lm_11_x,lm_11_y,lm_11_z,lm_11_v,lm_12_x,lm_12_y,lm_12_z,lm_12_v,lm_13_x,lm_13_y,lm_13_z,lm_13_v,lm_14_x,lm_14_y,lm_14_z,lm_14_v,lm_15_x,lm_15_y,lm_15_z,lm_15_v,lm_16_x,lm_16_y,lm_16_z,lm_16_v,lm_17_x,lm_17_y,lm_17_z,lm_17_v,lm_18_x,lm_18_y,lm_18_z,lm_18_v,lm_19_x,lm_19_y,lm_19_z,lm_19_v,lm_20_x,lm_20_y,lm_20_z,lm_20_v,lm_21_x,lm_21_y,lm_21_z,lm_21_v,lm_22_x,lm_22_y,lm_22_z,lm_22_v,lm_23_x,lm_23_y,lm_23_z,lm_23_v,lm_24_x,lm_24_y,lm_24_z,lm_24_v,lm_25_x,lm_25_y,lm_25_z,lm_25_v,lm_26_x,lm_26_y,lm_26_z,lm_26_v,lm_27_x,lm_27_y,lm_27_z,lm_27_v,lm_28_x,lm_28_y,lm_28_z,lm_28_v,lm_29_x,lm_29_y,lm_29_z,lm_29_v,lm_30_x,lm_30_y,lm_30_z,lm_30_v,lm_31_x,lm_31_y,lm_31_z,lm_31_v,lm_32_x,lm_32_y,lm_32_z,lm_32_v
37,normal_stance,0.6692145466804504,0.4589941203594208,-0.329926073551178,0.9996220469474792,0.6916314959526062,0.4778260588645935,-0.30467602610588074,0.9995207190513611,0.6907534599304199,0.49190548062324524,-0.3046630024909973,0.9995101094245911,0.6893506646156311,0.5074271559715271,-0.30467328429222107,0.9994334578514099,0.6920396685600281,0.43720385432243347,-0.3041193187236786,0.999594509601593,0.691635251045227,0.4204086363315582,-0.30412960052490234,0.9996101260185242,0.6910614967346191,0.4018338620662689,-0.3043866753578186,0.9996141195297241,0.6745439767837524,0.5344812870025635,-0.14204929769039154,0.9994184374809265,0.6763669848442078,0.37229016423225403,-0.1265133023262024,0.9997351169586182,0.6416401267051697,0.4837239682674408,-0.2593080401420593,0.9995089769363403,0.641203761100769,0.43396472930908203,-0.26239335536956787,0.9996969699859619,0.5485864281654358,0.63420569896698,-0.05405418947339058,0.9984304308891296,0.5467411279678345,0.2415248304605484,-0.028180141001939774,0.9991447925567627,0.3591109812259674,0.7042797207832336,-0.2184361219406128,0.973599374294281,0.3585463762283325,0.10650064796209335,-0.30432072281837463,0.9907729029655457,0.5155449509620667,0.5822081565856934,-0.41341280937194824,0.9695563912391663,0.5265291929244995,0.2495150864124298,-0.6213603615760803,0.9835373759269714,0.5570343136787415,0.5233567357063293,-0.46707192063331604,0.9587134122848511,0.5693994164466858,0.30090081691741943,-0.6626766324043274,0.975121796131134,0.5787183046340942,0.5279667377471924,-0.38829511404037476,0.95902419090271,0.5904962420463562,0.30644524097442627,-0.5970538854598999,0.9753235578536987,0.565058171749115,0.5347297191619873,-0.4009014666080475,0.9589738845825195,0.5769413709640503,0.2983267307281494,-0.6032282114028931,0.9740324020385742,0.20725153386592865,0.576468825340271,-0.0029750578105449677,0.9939679503440857,0.19948072731494904,0.33562836050987244,0.00379621097818017,0.9948561787605286,0.016895893961191177,0.5469033718109131,-0.025745686143636703,0.6589863300323486,0.004144808277487755,0.29996588826179504,0.12101458013057709,0.6252052783966064,-0.23909097909927368,0.5345048308372498,0.21182963252067566,0.04809610918164253,-0.2357693761587143,0.3156847357749939,0.3800482153892517,0.05268065631389618,-0.2631792724132538,0.5299609899520874,0.22658587992191315,0.05449581518769264,-0.26298004388809204,0.3129199147224426,0.4037010669708252,0.052060119807720184,-0.32122400403022766,0.5076366662979126,0.04308440163731575,0.021198973059654236,-0.31071311235427856,0.33464208245277405,0.21086053550243378,0.02166133001446724
43,normal_stance,0.6586962342262268,0.5249758958816528,-0.3152143657207489,0.9996945858001709,0.6817097067832947,0.5427014827728271,-0.30404725670814514,0.9996057152748108,0.6813439726829529,0.5564691424369812,-0.3041929304599762,0.9996063113212585,0.680641233921051,0.570673406124115,-0.3042433559894562,0.9995303153991699,0.6819934248924255,0.5010725855827332,-0.2974252998828888,0.9996672868728638,0.6819654107093811,0.48500311374664307,-0.2974778711795807,0.9996768832206726,0.6816240549087524,0.46716779470443726,-0.2976836562156677,0.9996806979179382,0.6700106859207153,0.5948686599731445,-0.15409623086452484,0.999556839466095,0.6705083847045898,0.4373234212398529,-0.11789056658744812,0.9998006224632263,0.6343767642974854,0.5483802556991577,-0.2494264394044876,0.9995811581611633,0.6354883313179016,0.5021865367889404,-0.24347466230392456,0.999753475189209,0.5543760657310486,0.7056920528411865,-0.06605255603790283,0.9986547231674194,0.5513809323310852,0.31697022914886475,-0.0009372300701215863,0.9993770718574524,0.3573887348175049,0.7477034330368042,-0.24742017686367035,0.98357754945755,0.3790039122104645,0.1628216952085495,-0.2653956115245819,0.9939204454421997,0.5283827185630798,0.6187705993652344,-0.45302125811576843,0.9815549254417419,0.5402659177780151,0.3099859952926636,-0.5911528468132019,0.9895408153533936,0.5712386965751648,0.5834808945655823,-0.49267271161079407,0.9729164838790894,0.5857149958610535,0.34307265281677246,-0.6339199542999268,0.9811860918998718,0.5869855880737305,0.5895772576332092,-0.4371187388896942,0.9725039005279541,0.602454662322998,0.3503771722316742,-0.583651065826416,0.9805417060852051,0.5723050832748413,0.5873919725418091,-0.4313308596611023,0.9715227484703064,0.5874354243278503,0.35075080394744873,-0.5762789845466614,0.9789555668830872,0.2141152322292328,0.6102745532989502,-0.015552638098597527,0.9938008785247803,0.2083606719970703,0.38259974122047424,0.016390368342399597,0.9947983026504517,-0.028033530339598656,0.5694272518157959,-0.02397317811846733,0.6972218155860901,0.023228559643030167,0.3718240559101105,0.15679919719696045,0.649269700050354,-0.21867142617702484,0.546985387802124,0.15638981759548187,0.060543376952409744,-0.20418402552604675,0.3566770553588867,0.39179301261901855,0.05497268959879875,-0.23997828364372253,0.5440614223480225,0.16742587089538574,0.0633554756641388,-0.23131440579891205,0.3558637499809265,0.4151763916015625,0.06531878560781479,-0.2998199164867401,0.5136375427246094,0.014276715926826,0.02407200075685978,-0.27756085991859436,0.34941455721855164,0.25748324394226074,0.022516759112477303
44,normal_stance,0.6598188877105713,0.530580997467041,-0.30962443351745605,0.9997048377990723,0.6825246214866638,0.5462409257888794,-0.2956608831882477,0.9996208548545837,0.6819239258766174,0.5595982074737549,-0.29580721259117126,0.9996217489242554,0.6808077096939087,0.5725611448287964,-0.2958492636680603,0.9995466470718384,0.6829804182052612,0.5044811964035034,-0.2909363806247711,0.9996815323829651,0.6828711032867432,0.4878046214580536,-0.2909761965274811,0.9996902346611023,0.682445228099823,0.4703267514705658,-0.2911514341831207,0.9996934533119202,0.6708285212516785,0.5945055484771729,-0.14051629602909088,0.9995778203010559,0.6709511280059814,0.4396468997001648,-0.11512239277362823,0.9998108744621277,0.6350813508033752,0.5542078614234924,-0.24389982223510742,0.9995956420898438,0.6360963582992554,0.5079165697097778,-0.2386590838432312,0.9997630715370178,0.5546024441719055,0.7043192386627197,-0.05005628615617752,0.9987090826034546,0.5533633828163147,0.32032808661460876,-0.0013466697419062257,0.9994127750396729,0.3586820065975189,0.7456372380256653,-0.22605909407138824,0.9846507906913757,0.3796788156032562,0.16850000619888306,-0.2602643668651581,0.9941899180412292,0.5240122079849243,0.6195828914642334,-0.4375929832458496,0.9827312231063843,0.5388875007629395,0.32119813561439514,-0.5738455653190613,0.9900347590446472,0.564139723777771,0.5832631587982178,-0.47561901807785034,0.9741178154945374,0.5810213685035706,0.35762548446655273,-0.6162525415420532,0.9814339280128479,0.5808734893798828,0.5915961265563965,-0.4235136806964874,0.973595142364502,0.5976534485816956,0.36045026779174805,-0.5773085355758667,0.9806743264198303,0.5669886469841003,0.5886552333831787,-0.4171109199523926,0.9724973440170288,0.5833656191825867,0.3609389066696167,-0.5627238750457764,0.9791172742843628,0.21705001592636108,0.6125584840774536,-0.011777481995522976,0.993943989276886,0.211590975522995,0.38421109318733215,0.012726681306958199,0.9949328303337097,-0.022643735632300377,0.5783105492591858,-0.011389214545488358,0.7026820778846741,0.025948865339159966,0.37237218022346497,0.15379095077514648,0.6561697721481323,-0.2089686095714569,0.5480204820632935,0.16816657781600952,0.06279796361923218,-0.19341392815113068,0.35722294449806213,0.39054161310195923,0.056012868881225586,-0.22997452318668365,0.5439110994338989,0.18237097561359406,0.06719548255205154,-0.2199375331401825,0.357235312461853,0.413715660572052,0.06915991753339767,-0.2917046546936035,0.5286368131637573,0.020243322476744652,0.02492908202111721,-0.2666635811328888,0.3474513292312622,0.25063541531562805,0.02290819026529789
61,slip,0.6178695559501648,0.7286118865013123,-0.21328720450401306,0.9997814893722534,0.6330928802490234,0.7483150959014893,-0.19137555360794067,0.9997016191482544,0.63155597448349,0.7608678340911865,-0.1915670484304428,0.9997344613075256,0.6294558048248291,0.7736153602600098,-0.19175884127616882,0.9996535181999207,0.636076033115387,0.7084688544273376,-0.19246827065944672,0.9997344613075256,0.6366763114929199,0.6917120218276978,-0.19244633615016937,0.9997574687004089,0.6369283199310303,0.6746798753738403,-0.19255954027175903,0.9997433423995972,0.616355836391449,0.7828199863433838,-0.026560001075267792,0.9997207522392273,0.631674587726593,0.6400958299636841,-0.037578653544187546,0.9998819231987,0.5900110006332397,0.7427529096603394,-0.14823377132415771,0.9996324181556702,0.596794843673706,0.6905418634414673,-0.15143966674804688,0.9997961521148682,0.4891964793205261,0.7905986309051514,0.04375207796692848,0.9989879131317139,0.5586671829223633,0.4858335852622986,0.035671666264534,0.9995930790901184,0.32277899980545044,0.8180946111679077,-0.18967971205711365,0.992626428604126,0.43761712312698364,0.26850229501724243,-0.21472027897834778,0.9969176650047302,0.48158177733421326,0.8062695264816284,-0.5278374552726746,0.9931267499923706,0.5365913510322571,0.4638057351112366,-0.5256192088127136,0.9951092004776001,0.5309648513793945,0.7982712388038635,-0.5671126246452332,0.9878208637237549,0.5616427659988403,0.5022899508476257,-0.5784018635749817,0.9880562424659729,0.5457192063331604,0.8041964173316956,-0.5257493853569031,0.9870343208312988,0.5803343653678894,0.5132015943527222,-0.5351427793502808,0.9870186448097229,0.525806725025177,0.7930619716644287,-0.5119529366493225,0.9860902428627014,0.5719585418701172,0.5060315132141113,-0.5142901539802551,0.9860458374023438,0.20868317782878876,0.5614906549453735,0.0077521344646811485,0.9964224100112915,0.23113809525966644,0.3588939309120178,-0.007236463949084282,0.9970041513442993,0.028869474306702614,0.4523380994796753,-0.01789916306734085,0.6856651306152344,0.035751525312662125,0.3107544183731079,-0.01006849855184555,0.6988117694854736,-0.18505358695983887,0.39932024478912354,0.27258118987083435,0.05107288435101509,-0.1706118881702423,0.2720892131328583,0.218021422624588,0.04693453013896942,-0.20314791798591614,0.39480912685394287,0.2987775206565857,0.059114012867212296,-0.1907462775707245,0.26736077666282654,0.24179446697235107,0.05734424665570259,-0.25657281279563904,0.3566228151321411,0.1988143026828766,0.01860968768596649,-0.24346165359020233,0.25895240902900696,0.10192238539457321,0.01703125238418579
66,slip,0.6118537187576294,0.7819228768348694,-0.17266324162483215,0.999836266040802,0.6274571418762207,0.7974519729614258,-0.14792808890342712,0.999774694442749,0.6257203221321106,0.8082541823387146,-0.148118793964386,0.9998039603233337,0.6234639286994934,0.8196398019790649,-0.14835046231746674,0.9997465014457703,0.6317711472511292,0.7592285871505737,-0.14841368794441223,0.9997885227203369,0.6333523988723755,0.7424169778823853,-0.14843393862247467,0.9998076558113098,0.6346725225448608,0.7246695160865784,-0.14846312999725342,0.9997945427894592,0.6096059679985046,0.8216497898101807,0.019181953743100166,0.9997987747192383,0.6293861865997314,0.6839003562927246,0.009979662485420704,0.9999045133590698,0.5847504138946533,0.7918878793716431,-0.10814759880304337,0.9997101426124573,0.5908294916152954,0.745534360408783,-0.110907644033432,0.9998288154602051,0.48676276206970215,0.8212834596633911,0.08275860548019409,0.9992958307266235,0.5563840270042419,0.5417822599411011,0.07875571399927139,0.999600887298584,0.3343217074871063,0.84479159116745,-0.14081187546253204,0.9945290088653564,0.4439878761768341,0.30730995535850525,-0.1483297348022461,0.996821939945221,0.5070703029632568,0.8547924757003784,-0.406582236289978,0.9951707124710083,0.5424200892448425,0.4830051064491272,-0.4489782750606537,0.9957939982414246,0.5540483593940735,0.8576732873916626,-0.4618135690689087,0.9910250306129456,0.5685738921165466,0.5290876030921936,-0.499692440032959,0.9897471070289612,0.5618073344230652,0.8625140190124512,-0.4102855324745178,0.9902850389480591,0.5820672512054443,0.5433138608932495,-0.4628700911998749,0.9887748956680298,0.5435538291931152,0.8509212136268616,-0.3905530571937561,0.9894688725471497,0.5709445476531982,0.5335679054260254,-0.44011202454566956,0.9877219200134277,0.20955461263656616,0.5939271450042725,0.009691339917480946,0.9975731372833252,0.2354167103767395,0.4135763645172119,-0.009256594814360142,0.9978325366973877,0.02852770872414112,0.48276132345199585,-0.010947071015834808,0.6465111374855042,0.0379302054643631,0.35566994547843933,-0.027733981609344482,0.6682981848716736,-0.16907888650894165,0.4309435188770294,0.3131038248538971,0.039680011570453644,-0.16169342398643494,0.3180422782897949,0.21547500789165497,0.03953928127884865,-0.18541890382766724,0.42561328411102295,0.3441545069217682,0.048132944852113724,-0.17699305713176727,0.3189614415168762,0.23785582184791565,0.04703924432396889,-0.23959054052829742,0.3994755148887634,0.2462937831878662,0.016051853075623512,-0.23851780593395233,0.30643340945243835,0.0929708406329155,0.015439093112945557
82,duck,0.3671034872531891,0.8081307411193848,-0.895734429359436,0.9996716380119324,0.396744042634964,0.8398475050926208,-0.8858198523521423,0.9997826814651489,0.3984009921550751,0.8566272258758545,-0.8858171105384827,0.9997830986976624,0.39970695972442627,0.8722291588783264,-0.8860912919044495,0.9997050166130066,0.3943675458431244,0.7820138931274414,-0.9004637002944946,0.9997761249542236,0.39544227719306946,0.7616534233093262,-0.9006837606430054,0.9997727274894714,0.39749857783317566,0.7442591190338135,-0.9008358716964722,0.9997686147689819,0.4006308317184448,0.8788821697235107,-0.6761820912361145,0.9997804760932922,0.40664756298065186,0.7034233212471008,-0.7394962310791016,0.9998477101325989,0.34367576241493225,0.832840621471405,-0.8016569018363953,0.9997154474258423,0.3469915986061096,0.7639258503913879,-0.8202183246612549,0.9998446702957153,0.2948996126651764,0.8953695297241211,-0.42650410532951355,0.9992870688438416,0.3680984675884247,0.5277485847473145,-0.5398723483085632,0.9994108080863953,0.0723038762807846,0.9167416095733643,-0.5114670395851135,0.9158366918563843,0.1950213760137558,0.2884511649608612,-0.7596511840820312,0.9783120155334473,0.2330058515071869,0.9363464713096619,-0.7703940868377686,0.9273383617401123,0.2767673134803772,0.5430864095687866,-1.0929964780807495,0.9747307300567627,0.274699866771698,0.9234983921051025,-0.8129923939704895,0.8770604729652405,0.2875327169895172,0.626821756362915,-1.1433708667755127,0.9402356743812561,0.30312907695770264,0.9374144673347473,-0.765034556388855,0.8707040548324585,0.3288964033126831,0.6373538970947266,-1.0988084077835083,0.9366379976272583,0.29528144001960754,0.9276167750358582,-0.7529256939888,0.8528890013694763,0.32419252395629883,0.6189477443695068,-1.0771842002868652,0.9202731251716614,0.060417842119932175,0.6460855007171631,0.023625433444976807,0.9758136868476868,0.09626894444227219,0.4342127740383148,-0.022998662665486336,0.9785001277923584,-0.12459907680749893,0.6373408436775208,0.16613255441188812,0.5380545854568481,-0.10245934128761292,0.3805198073387146,0.16185998916625977,0.5945709943771362,-0.2730201184749603,0.48349156975746155,0.6648076176643372,0.1385812908411026,-0.26442351937294006,0.28178051114082336,0.5688174962997437,0.20730556547641754,-0.28703388571739197,0.4548703730106354,0.7133823037147522,0.16705946624279022,-0.2844347059726715,0.25645798444747925,0.6057873964309692,0.22659744322299957,-0.3612954914569855,0.42996466159820557,0.5728999376296997,0.1346522867679596,-0.3481200337409973,0.26904043555259705,0.39802929759025574,0.17131811380386353
86,duck,0.3676719069480896,0.8100581169128418,-0.8342292308807373,0.9997475743293762,0.39697492122650146,0.8440859317779541,-0.824999988079071,0.9998376369476318,0.3979300558567047,0.8600537776947021,-0.8250046968460083,0.9998381733894348,0.39864030480384827,0.8756389617919922,-0.8251925706863403,0.9997802376747131,0.39838531613349915,0.7878471612930298,-0.8312019109725952,0.9998311400413513,0.40089043974876404,0.7645469307899475,-0.8312260508537292,0.9998258948326111,0.4036371409893036,0.7452011704444885,-0.8313570618629456,0.9998183250427246,0.3995223641395569,0.8846368193626404,-0.6255799531936646,0.9998459219932556,0.41079872846603394,0.7044577598571777,-0.6507114171981812,0.9998888969421387,0.3438737392425537,0.8307031989097595,-0.7452423572540283,0.9998010993003845,0.35107535123825073,0.7683985829353333,-0.7524418234825134,0.9998915195465088,0.29295817017555237,0.9139888286590576,-0.40193548798561096,0.9995031356811523,0.3663538098335266,0.5357258915901184,-0.47385117411613464,0.9995743036270142,0.06868396699428558,0.9265849590301514,-0.5757942199707031,0.9374169707298279,0.21260784566402435,0.2914503514766693,-0.6753602623939514,0.9819409847259521,0.242585226893425,0.9407651424407959,-0.9421168565750122,0.9477479457855225,0.27232325077056885,0.5615782141685486,-0.9795578122138977,0.9765309691429138,0.27680346369743347,0.9291024804115295,-1.0051215887069702,0.9055837392807007,0.2875225841999054,0.653275728225708,-1.0320730209350586,0.9398776888847351,0.3082602918148041,0.9488909840583801,-0.9504514336585999,0.8997149467468262,0.32025113701820374,0.6572985649108887,-0.9866918921470642,0.9353931546211243,0.30144333839416504,0.9366576075553894,-0.9252097606658936,0.8826326131820679,0.3147822618484497,0.638935923576355,-0.9638667106628418,0.9158662557601929,0.06483032554388046,0.6525962352752686,0.04175352305173874,0.9701610803604126,0.09361521899700165,0.44962379336357117,-0.04108932614326477,0.9764677286148071,-0.0870436355471611,0.7289743423461914,0.2379065901041031,0.5157599449157715,-0.07236281037330627,0.42300644516944885,0.16768310964107513,0.6131843328475952,-0.23606696724891663,0.5608877539634705,0.74718177318573,0.13312233984470367,-0.2103358805179596,0.3613475561141968,0.5786523818969727,0.23200827836990356,-0.21390555799007416,0.5199105739593506,0.7964078783988953,0.15985597670078278,-0.22315943241119385,0.34489136934280396,0.6196322441101074,0.2492125928401947,-0.29787006974220276,0.5331217646598816,0.7028774619102478,0.12887193262577057,-0.2977571189403534,0.3546101152896881,0.47291693091392517,0.17753365635871887
93,duck,0.3673764169216156,0.8120083808898926,-0.839714527130127,0.9998269081115723,0.39650794863700867,0.8483762741088867,-0.8239727020263672,0.9998956322669983,0.397723913192749,0.8644519448280334,-0.8239762783050537,0.9998948574066162,0.39875170588493347,0.8805388808250427,-0.8241661787033081,0.99985671043396,0.3955916464328766,0.7935490012168884,-0.8330721259117126,0.9998911023139954,0.39658665657043457,0.7712393403053284,-0.8331737518310547,0.9998837113380432,0.39821603894233704,0.7521121501922607,-0.8333376049995422,0.9998753070831299,0.3988766074180603,0.8902906775474548,-0.6128790378570557,0.9999092221260071,0.4051148295402527,0.7110815048217773,-0.6576729416847229,0.999930739402771,0.34349825978279114,0.8283390402793884,-0.7500542402267456,0.9998794794082642,0.34813299775123596,0.7702736258506775,-0.7630628347396851,0.9999358654022217,0.2909219563007355,0.9096171259880066,-0.3974209427833557,0.9996941089630127,0.35440683364868164,0.5342891216278076,-0.497323602437973,0.9996703863143921,0.06482139229774475,0.9276252388954163,-0.5648657083511353,0.9539302587509155,0.2086581587791443,0.2708550691604614,-0.6937188506126404,0.9855524897575378,0.2394942343235016,0.9371453523635864,-0.9455603361129761,0.9688184261322021,0.2736227214336395,0.5475529432296753,-0.99150151014328,0.9807170629501343,0.2738740146160126,0.9286677241325378,-1.013573169708252,0.9367208480834961,0.295852392911911,0.6394193172454834,-1.0494006872177124,0.9467992186546326,0.3053973913192749,0.9446436762809753,-0.9648057222366333,0.9316678047180176,0.3289574980735779,0.642609715461731,-1.005839467048645,0.941935658454895,0.2993931770324707,0.9364045262336731,-0.931439995765686,0.9151426553726196,0.3232666254043579,0.6255876421928406,-0.9768524169921875,0.9211232662200928,0.06963125616312027,0.6438930630683899,0.04861591383814812,0.972301185131073,0.10142785310745239,0.4567551612854004,-0.048314157873392105,0.980510413646698,-0.03880275785923004,0.7167694568634033,0.32727858424186707,0.4776652455329895,-0.020166954025626183,0.4348491430282593,0.23652487993240356,0.6273214817047119,-0.08374106138944626,0.5519320368766785,0.8996336460113525,0.1348734050989151,-0.10254531353712082,0.3944157361984253,0.7222883701324463,0.2619418203830719,-0.07562343776226044,0.5182430148124695,0.9565662741661072,0.16119833290576935,-0.10293225944042206,0.3740263283252716,0.7723329663276672,0.27287474274635315,-0.17301025986671448,0.5280587673187256,0.8860543370246887,0.14177636802196503,-0.19204460084438324,0.39780759811401367,0.6443338394165039,0.19979384541511536
107,normal_stance,0.6470785140991211,0.6132403612136841,-0.3301308751106262,0.9997021555900574,0.6690181493759155,0.6357696056365967,-0.31378409266471863,0.999740481376648,0.6685146689414978,0.6513880491256714,-0.31389904022216797,0.999718964099884,0.6673811078071594,0.6672179698944092,-0.31395772099494934,0.9996821284294128,0.6690167784690857,0.5899426937103271,-0.3053179085254669,0.9997239112854004,0.6685119271278381,0.576214075088501,-0.3052700161933899,0.9996733665466309,0.6677125096321106,0.5624956488609314,-0.3054657578468323,0.9996612071990967,0.6586014628410339,0.6932294368743896,-0.16704989969730377,0.9998125433921814,0.6591194272041321,0.5434362888336182,-0.1237272322177887,0.9998039603233337,0.6190152168273926,0.6480395793914795,-0.27144649624824524,0.9998155236244202,0.6228854656219482,0.5798976421356201,-0.25883954763412476,0.9998347163200378,0.5378883481025696,0.7914660573005676,-0.07858587801456451,0.9994602203369141,0.5532059073448181,0.4161086976528168,-0.04495038837194443,0.999510645866394,0.378881573677063,0.8526869416236877,-0.30288776755332947,0.9733027219772339,0.3992365300655365,0.27378594875335693,-0.3174017071723938,0.9842855334281921,0.5560593605041504,0.7548386454582214,-0.5392139554023743,0.9808930158615112,0.5555887222290039,0.44647157192230225,-0.6425299644470215,0.9846088886260986,0.6024202704429626,0.733048677444458,-0.5841923356056213,0.954664409160614,0.5940002202987671,0.4923311769962311,-0.687505841255188,0.9573582410812378,0.6145725250244141,0.7363205552101135,-0.520046591758728,0.9501039981842041,0.6092721223831177,0.4960969388484955,-0.6412677764892578,0.9532795548439026,0.6012086272239685,0.7268477082252502,-0.5159744620323181,0.9371148943901062,0.5978823900222778,0.49631235003471375,-0.6302300691604614,0.9397177696228027,0.23276719450950623,0.6729908585548401,-0.008832494728267193,0.9869073629379272,0.23649992048740387,0.4484478235244751,0.00967597495764494,0.9899550676345825,0.005687126889824867,0.6313299536705017,-0.060532547533512115,0.710713267326355,0.02803804911673069,0.416229784488678,0.06997551023960114,0.7252745032310486,-0.15885001420974731,0.5923492908477783,0.17995642125606537,0.2136199176311493,-0.14488215744495392,0.39164307713508606,0.33515119552612305,0.2861553430557251,-0.1787906438112259,0.5811201333999634,0.19710591435432434,0.21722082793712616,-0.16904065012931824,0.39819201827049255,0.36041757464408875,0.2566620409488678,-0.237809956073761,0.5981045365333557,0.05359766259789467,0.1614299863576889,-0.21335485577583313,0.3526270091533661,0.2223062515258789,0.20562510192394257
112,normal_stance,0.6568304300308228,0.5855423212051392,-0.24391397833824158,0.9997155666351318,0.6804479360580444,0.6020284295082092,-0.22006931900978088,0.9996999502182007,0.6808755993843079,0.6164373755455017,-0.22026591002941132,0.9996992349624634,0.680853009223938,0.6302475333213806,-0.2203676551580429,0.9996511340141296,0.6792150139808655,0.5584384799003601,-0.2158462405204773,0.9996902346611023,0.6788832545280457,0.5435213446617126,-0.21583141386508942,0.9996652603149414,0.6779898405075073,0.5296142101287842,-0.21609915792942047,0.999646008014679,0.6723734736442566,0.64872145652771,-0.0663333609700203,0.9997727870941162,0.6673085689544678,0.5056645274162292,-0.04521385580301285,0.9997982978820801,0.630720853805542,0.6160150170326233,-0.18618740141391754,0.9997311234474182,0.6329681277275085,0.5593186020851135,-0.18035268783569336,0.9997613430023193,0.5462113618850708,0.751359224319458,0.0007374626584351063,0.9991874098777771,0.5557945370674133,0.40143728256225586,-0.012259355746209621,0.9992775917053223,0.39406338334083557,0.8190327286720276,-0.21331480145454407,0.9821351170539856,0.40625643730163574,0.26659443974494934,-0.34514474868774414,0.9891833662986755,0.5716414451599121,0.7030893564224243,-0.38075312972068787,0.9867133498191833,0.573189377784729,0.40169307589530945,-0.6549010872840881,0.9889997243881226,0.6164143681526184,0.6907656192779541,-0.4141520857810974,0.9680799841880798,0.6166882514953613,0.42961055040359497,-0.7069199085235596,0.9692848324775696,0.6253548860549927,0.6927931308746338,-0.3529002070426941,0.9646984934806824,0.6263229846954346,0.437480628490448,-0.6587459444999695,0.9659847617149353,0.6104482412338257,0.6843264102935791,-0.3575132191181183,0.9563630819320679,0.6114763021469116,0.4413451552391052,-0.6441262364387512,0.9576343894004822,0.23534640669822693,0.6572069525718689,0.0017368955304846168,0.9911084771156311,0.23825152218341827,0.4426732659339905,-0.0009172438876703382,0.9930351376533508,-0.0025228015147149563,0.5891788005828857,-0.014544890262186527,0.7260973453521729,0.03586626052856445,0.4168176054954529,0.04721884801983833,0.717627763748169,-0.18921642005443573,0.5502028465270996,0.1971697062253952,0.16162249445915222,-0.1716058850288391,0.3901515007019043,0.29821786284446716,0.1930626481771469,-0.2087336778640747,0.54167640209198,0.2120881825685501,0.17242605984210968,-0.19356107711791992,0.3899434804916382,0.3220711052417755,0.1836017519235611,-0.2662796676158905,0.5304879546165466,0.07423613965511322,0.10975228995084763,-0.2425730675458908,0.3849199712276459,0.18279652297496796,0.13149870932102203
119,normal_stance,0.6612028479576111,0.5750749111175537,-0.20843492448329926,0.9997854232788086,0.683212399482727,0.594193696975708,-0.18057598173618317,0.9997236728668213,0.6831373572349548,0.6087327003479004,-0.18079976737499237,0.9997518062591553,0.6826980710029602,0.6218787431716919,-0.18088680505752563,0.9997023344039917,0.6832687258720398,0.550905168056488,-0.1782183200120926,0.999709963798523,0.6831738948822021,0.535929262638092,-0.17826873064041138,0.999719500541687,0.6824204921722412,0.5219653248786926,-0.17855125665664673,0.9996933937072754,0.6703273057937622,0.6403727531433105,-0.0264644306153059,0.9997901320457458,0.6688328981399536,0.4979788064956665,-0.015469067730009556,0.9998326897621155,0.634369969367981,0.6053297519683838,-0.15293684601783752,0.9996730089187622,0.6365337371826172,0.5498207211494446,-0.15002311766147614,0.9997165203094482,0.5410941243171692,0.7389733195304871,0.021776556968688965,0.9989616274833679,0.5535128712654114,0.38820019364356995,0.011199362576007843,0.9989672899246216,0.3930996060371399,0.8074420094490051,-0.21479107439517975,0.9901142716407776,0.4090200364589691,0.24675852060317993,-0.3046361804008484,0.9938300848007202,0.5709571242332458,0.6911180019378662,-0.3983953595161438,0.9922866821289062,0.5821752548217773,0.3921884000301361,-0.6037243008613586,0.9930924773216248,0.6186049580574036,0.6769906878471375,-0.43357035517692566,0.981442391872406,0.6231151223182678,0.4169079065322876,-0.6543880105018616,0.9803022146224976,0.6279956102371216,0.6799630522727966,-0.3750656247138977,0.9793100953102112,0.6316453814506531,0.4248306453227997,-0.5988109111785889,0.9777001738548279,0.6109777092933655,0.6680154800415039,-0.3771231174468994,0.9749065041542053,0.6169945001602173,0.42973148822784424,-0.5893257260322571,0.9734790325164795,0.23012404143810272,0.6228067874908447,0.006246665492653847,0.9951242208480835,0.2329261600971222,0.41287100315093994,-0.005549375433474779,0.9960092306137085,-0.013509583659470081,0.5515276193618774,-0.019852107390761375,0.7397545576095581,0.0306010190397501,0.38619157671928406,0.035215187817811966,0.7229962944984436,-0.2003413736820221,0.4957613945007324,0.18891368806362152,0.11236148327589035,-0.18075934052467346,0.3613165020942688,0.2623128294944763,0.11349504441022873,-0.22007602453231812,0.4896142780780792,0.20311464369297028,0.1267068237066269,-0.203034907579422,0.3579625189304352,0.2829948663711548,0.11517488211393356,-0.2772727608680725,0.46387821435928345,0.07900011539459229,0.0666385293006897,-0.2524236738681793,0.35919955372810364,0.1529429405927658,0.07165152579545975
135,slip,0.6267098188400269,0.2636953890323639,-0.2818658947944641,0.999532163143158,0.6508520841598511,0.2837257385253906,-0.28170743584632874,0.999081552028656,0.6529220342636108,0.3024953007698059,-0.28176605701446533,0.9993414878845215,0.6555091142654419,0.3212476372718811,-0.28164854645729065,0.9990202784538269,0.6498376727104187,0.23872603476047516,-0.25811684131622314,0.9990593791007996,0.6502163410186768,0.2247784435749054,-0.25818556547164917,0.9992653727531433,0.650279700756073,0.21056032180786133,-0.258479505777359,0.9990853071212769,0.6543312072753906,0.3620792627334595,-0.16419322788715363,0.9994707107543945,0.6397020220756531,0.20469067990779877,-0.06436213850975037,0.9995405673980713,0.6080536246299744,0.3028744161128998,-0.23351135849952698,0.9991441965103149,0.6035886406898499,0.2524428367614746,-0.20188061892986298,0.999195396900177,0.5812114477157593,0.5404427647590637,-0.08485036343336105,0.9989033341407776,0.5209689736366272,0.16930969059467316,0.025269147008657455,0.9991875290870667,0.41531720757484436,0.6710577607154846,-0.31316789984703064,0.9958049058914185,0.36888742446899414,0.09876422584056854,-0.2807042896747589,0.9957298636436462,0.5567156672477722,0.4616612195968628,-0.5355439186096191,0.9959148168563843,0.549595057964325,0.1565762460231781,-0.6560807228088379,0.9954396486282349,0.5918388366699219,0.41633981466293335,-0.5780718326568604,0.9901401996612549,0.5968300700187683,0.16706418991088867,-0.7114341259002686,0.987514317035675,0.6125842928886414,0.41089487075805664,-0.5165237188339233,0.9888877272605896,0.6149600148200989,0.16382354497909546,-0.6616069674491882,0.9854517579078674,0.5957274436950684,0.4205900728702545,-0.5120793581008911,0.9868865013122559,0.6019459962844849,0.16914929449558258,-0.6472703814506531,0.9836363196372986,0.22530163824558258,0.6216441988945007,-0.021957073360681534,0.9964616298675537,0.20775161683559418,0.37134602665901184,0.023061266168951988,0.996581494808197,-0.020477864891290665,0.6276103854179382,-0.012452767230570316,0.7424278259277344,-0.0014220522716641426,0.3723345994949341,0.050665318965911865,0.6994625926017761,-0.23896139860153198,0.6634991765022278,0.18153806030750275,0.06951107084751129,-0.2408839911222458,0.445576548576355,0.2639654576778412,0.05295722931623459,-0.26658955216407776,0.6706690788269043,0.19370362162590027,0.0887637585401535,-0.27252885699272156,0.44955819845199585,0.28352275490760803,0.07214456796646118,-0.32423603534698486,0.6528262495994568,0.040594663470983505,0.03230256959795952,-0.3138653039932251,0.48624876141548157,0.10697445273399353,0.027154816314578056
139,slip,0.6303097605705261,0.2490825355052948,-0.3075675070285797,0.998818039894104,0.6572016477584839,0.26670244336128235,-0.3137442469596863,0.9976921677589417,0.6609930396080017,0.28508883714675903,-0.3138222396373749,0.998361349105835,0.6655036211013794,0.30294525623321533,-0.3138575553894043,0.9974719285964966,0.65431809425354,0.21863912045955658,-0.283662885427475,0.9976654648780823,0.6551506519317627,0.20367953181266785,-0.2836461365222931,0.9982095956802368,0.6560792326927185,0.18901251256465912,-0.2839585542678833,0.9978893995285034,0.669133722782135,0.3450114130973816,-0.2221262902021408,0.9985994100570679,0.6474460363388062,0.1814902424812317,-0.0804375410079956,0.9989877343177795,0.6138191819190979,0.2918049693107605,-0.26391875743865967,0.9978479146957397,0.6068632006645203,0.2369888424873352,-0.22361372411251068,0.9981955289840698,0.5958967208862305,0.5377485156059265,-0.14131510257720947,0.9975706338882446,0.5279502868652344,0.15573471784591675,0.02561459131538868,0.9991137385368347,0.41479042172431946,0.6563037633895874,-0.3890626132488251,0.9956439733505249,0.3683805465698242,0.07223706692457199,-0.28684109449386597,0.9964423179626465,0.55994713306427,0.4471147358417511,-0.6158553957939148,0.9958857297897339,0.5512146949768066,0.12150347232818604,-0.6927580237388611,0.9962558150291443,0.5971196293830872,0.3952687978744507,-0.6663477420806885,0.9905453324317932,0.6009272933006287,0.13088691234588623,-0.7548904418945312,0.9893849492073059,0.6249439120292664,0.3875982165336609,-0.6071852445602417,0.9894294738769531,0.6182484030723572,0.1285591572523117,-0.6949517726898193,0.9875757098197937,0.6095215678215027,0.39941051602363586,-0.5941295623779297,0.9878926873207092,0.6074081659317017,0.13356634974479675,-0.6800766587257385,0.9863402843475342,0.22263893485069275,0.6124292612075806,-0.026669954881072044,0.9962171912193298,0.2039971798658371,0.3565922975540161,0.027705000713467598,0.9967694878578186,-0.02477075345814228,0.6225824356079102,-0.02749156765639782,0.7505606412887573,0.013055914081633091,0.3450949788093567,0.06986262649297714,0.7349581122398376,-0.23443561792373657,0.668795645236969,0.22960582375526428,0.05810292437672615,-0.2410803735256195,0.42819535732269287,0.3104609251022339,0.044593166559934616,-0.26006263494491577,0.6741964817047119,0.24765627086162567,0.07754310965538025,-0.27269551157951355,0.4365975260734558,0.33162394165992737,0.0643467903137207,-0.3219098746776581,0.6654653549194336,0.06294330954551697,0.02467179298400879,-0.3161587119102478,0.458903431892395,0.13413779437541962,0.02076191082596779
143,slip,0.6355254054069519,0.23045028746128082,-0.26288819313049316,0.9983087182044983,0.6651816368103027,0.24628816545009613,-0.26868805289268494,0.9963387846946716,0.6695184111595154,0.26409828662872314,-0.268805593252182,0.9975422620773315,0.6739419102668762,0.28249943256378174,-0.2688886821269989,0.9960180521011353,0.6591464281082153,0.20218375325202942,-0.2346864491701126,0.9963688850402832,0.6589341759681702,0.1886308640241623,-0.2347363978624344,0.9974230527877808,0.6585262417793274,0.1748620718717575,-0.2351294606924057,0.9969041347503662,0.6763247847557068,0.3276568055152893,-0.19311374425888062,0.9979358315467834,0.6504865288734436,0.17082273960113525,-0.027236638590693474,0.9986294507980347,0.6194305419921875,0.27494513988494873,-0.22317366302013397,0.9961211085319519,0.6119611859321594,0.22263002395629883,-0.17826011776924133,0.9965841770172119,0.5950139164924622,0.5244404673576355,-0.11074560880661011,0.9967055916786194,0.5358989238739014,0.15124373137950897,0.06861976534128189,0.9990310668945312,0.4169025421142578,0.6336721181869507,-0.2692672908306122,0.9956797361373901,0.37142494320869446,0.05932825058698654,-0.24341197311878204,0.9970360398292542,0.5779392123222351,0.43174874782562256,-0.39535924792289734,0.9961628317832947,0.5535871982574463,0.11626549810171127,-0.6802764534950256,0.9970356225967407,0.6136177182197571,0.38009822368621826,-0.4225277602672577,0.9915823936462402,0.6072821617126465,0.12493608891963959,-0.7473673820495605,0.9913879632949829,0.6326376795768738,0.3745917081832886,-0.36821988224983215,0.9905682802200317,0.620510995388031,0.1251698136329651,-0.6818277835845947,0.9898579120635986,0.6176387071609497,0.3857792317867279,-0.3705596923828125,0.9893674850463867,0.6083008646965027,0.13301828503608704,-0.6671326756477356,0.98902827501297,0.22499555349349976,0.6036269068717957,-0.029157618060708046,0.9969398975372314,0.20506687462329865,0.355444997549057,0.03010912425816059,0.9974396228790283,-0.028790317475795746,0.6215845942497253,0.01124101597815752,0.7507812976837158,0.005327226128429174,0.32499411702156067,0.11972276121377945,0.7454782724380493,-0.24365204572677612,0.6671897768974304,0.3224680721759796,0.04399081692099571,-0.24212850630283356,0.42068010568618774,0.5355141162872314,0.03314725309610367,-0.2708223760128021,0.6750266551971436,0.349869042634964,0.061143457889556885,-0.2706621587276459,0.42909419536590576,0.5789961814880371,0.050730809569358826,-0.33127740025520325,0.6626282930374146,0.19124585390090942,0.0178114864975214,-0.31814876198768616,0.45726025104522705,0.44428250193595886,0.014821122400462627
159,duck,0.3643958866596222,0.19169393181800842,-0.3987389802932739,0.997987687587738,0.398170530796051,0.20428165793418884,-0.4081563949584961,0.9973792433738708,0.40286412835121155,0.2244010716676712,-0.407995343208313,0.9979369640350342,0.40786340832710266,0.2447861284017563,-0.4079544246196747,0.9974843859672546,0.39076435565948486,0.15682508051395416,-0.38119491934776306,0.9968940019607544,0.3900507986545563,0.143067866563797,-0.38065704703330994,0.9966885447502136,0.389400839805603,0.13056634366512299,-0.3808940052986145,0.9962380528450012,0.4218211770057678,0.2946157455444336,-0.2877422273159027,0.9987141489982605,0.3945218026638031,0.1410321593284607,-0.1534217745065689,0.9978837966918945,0.350345253944397,0.24720355868339539,-0.3410668969154358,0.9984201192855835,0.34305933117866516,0.18489590287208557,-0.30272966623306274,0.9982502460479736,0.3555383086204529,0.4872477352619171,-0.2034863829612732,0.9982420206069946,0.2958835959434509,0.11065062880516052,0.028662530705332756,0.9989733099937439,0.1577860713005066,0.64644455909729,-0.43940240144729614,0.9814500212669373,0.10989923030138016,0.029308948665857315,-0.17436011135578156,0.8079200983047485,0.2784990072250366,0.3739537000656128,-0.6349557042121887,0.9662799835205078,0.2502521574497223,0.06678227335214615,-0.5774843692779541,0.8199976086616516,0.30182987451553345,0.2845107913017273,-0.6749825477600098,0.9337232112884521,0.2843535244464874,0.06253094226121902,-0.6269498467445374,0.770162045955658,0.3340144157409668,0.2867531478404999,-0.6040329933166504,0.9337806105613708,0.30640101432800293,0.06689026951789856,-0.5822842121124268,0.7677801847457886,0.3276239037513733,0.3084564507007599,-0.6069555282592773,0.917426347732544,0.2966533303260803,0.08833101391792297,-0.571889340877533,0.7617228031158447,-0.002955327508971095,0.49902093410491943,-0.05479789897799492,0.8502574563026428,-0.013084106147289276,0.22166714072227478,0.05758921802043915,0.8347019553184509,-0.24832472205162048,0.5121251344680786,0.028517693281173706,0.4845787286758423,-0.2606363296508789,0.24364526569843292,0.11578244715929031,0.44523751735687256,-0.474220871925354,0.5189675092697144,0.27232179045677185,0.10093922913074493,-0.4946598410606384,0.2710082232952118,0.27889350056648254,0.0900057777762413,-0.5017423629760742,0.5374541878700256,0.2855129539966583,0.09971985220909119,-0.5268977284431458,0.27705731987953186,0.2865621745586395,0.07914476096630096,-0.5671070218086243,0.4662216901779175,0.02288180962204933,0.06888094544410706,-0.5829091668128967,0.2946607172489166,0.01887374557554722,0.051845185458660126
163,duck,0.3727138340473175,0.18435123562812805,-0.33697035908699036,0.9984937906265259,0.4073149561882019,0.19916284084320068,-0.34962260723114014,0.9979202151298523,0.4115597605705261,0.21813161671161652,-0.3496442139148712,0.9983529448509216,0.4163466989994049,0.23822003602981567,-0.34966936707496643,0.9980384111404419,0.4017881155014038,0.1566561758518219,-0.3228786289691925,0.9975122809410095,0.4019187390804291,0.14497119188308716,-0.32249605655670166,0.9972721338272095,0.40203380584716797,0.13408145308494568,-0.32283782958984375,0.9968812465667725,0.42645835876464844,0.29084885120391846,-0.2559414207935333,0.9990327954292297,0.40647363662719727,0.1442374587059021,-0.12103984504938126,0.9982434511184692,0.3562527298927307,0.23978032171726227,-0.2904300391674042,0.9989007115364075,0.35177549719810486,0.18203075230121613,-0.25295141339302063,0.9987379908561707,0.36289066076278687,0.49231502413749695,-0.17218893766403198,0.9988264441490173,0.29712975025177,0.09577950090169907,0.03936581313610077,0.9992620944976807,0.16269375383853912,0.671530544757843,-0.37796279788017273,0.987074613571167,0.06972698867321014,0.045781031250953674,-0.18593290448188782,0.8612278699874878,0.2726591229438782,0.3978622257709503,-0.5683464407920837,0.976719856262207,0.2417035549879074,0.06532731652259827,-0.6295740008354187,0.8679060339927673,0.29359784722328186,0.31598949432373047,-0.5979751944541931,0.9516000747680664,0.27824079990386963,0.06686504930257797,-0.6903353333473206,0.8163889646530151,0.3349245488643646,0.31438401341438293,-0.5382053256034851,0.9512960910797119,0.30817916989326477,0.06855259835720062,-0.6548429727554321,0.8113653659820557,0.3278242349624634,0.3387301564216614,-0.5394354462623596,0.9390823245048523,0.29566892981529236,0.08421311527490616,-0.6281856298446655,0.8067540526390076,0.025230128318071365,0.49790340662002563,-0.05927961692214012,0.8144404292106628,-0.012678838334977627,0.22229062020778656,0.0614142008125782,0.7813484072685242,-0.24345575273036957,0.5125732421875,-0.03121287003159523,0.33734238147735596,-0.25905150175094604,0.2504464387893677,0.17715275287628174,0.30147767066955566,-0.4699787497520447,0.5261290073394775,0.20240949094295502,0.06751162558794022,-0.48607730865478516,0.2951999008655548,0.3569377362728119,0.05953248217701912,-0.49761801958084106,0.5496824979782104,0.21055051684379578,0.06730841100215912,-0.5137288570404053,0.3029934763908386,0.37162894010543823,0.052746038883924484,-0.5506908893585205,0.4820929765701294,-0.060256969183683395,0.046112362295389175,-0.5716181397438049,0.32875311374664307,0.1037498190999031,0.034631386399269104
167,duck,0.3775973320007324,0.19131654500961304,-0.3573094308376312,0.998939037322998,0.4118061065673828,0.20484620332717896,-0.37221622467041016,0.9984692931175232,0.41635939478874207,0.2225969433784485,-0.372183233499527,0.9987794160842896,0.4209608733654022,0.24122752249240875,-0.3722023069858551,0.9985544681549072,0.4065708816051483,0.16150599718093872,-0.3441114127635956,0.9981887936592102,0.4069038927555084,0.14899013936519623,-0.34369343519210815,0.9979996681213379,0.4073079526424408,0.13713549077510834,-0.34398627281188965,0.9977129697799683,0.4323849678039551,0.29153868556022644,-0.2790983021259308,0.9993066787719727,0.41356900334358215,0.14382827281951904,-0.1361285299062729,0.9987196922302246,0.36319273710250854,0.2446165382862091,-0.3105212152004242,0.999253511428833,0.35848334431648254,0.1870771050453186,-0.2709544599056244,0.9991321563720703,0.3714933395385742,0.49796056747436523,-0.181378573179245,0.9992169737815857,0.30946946144104004,0.09473061561584473,0.02667798288166523,0.9994924068450928,0.16572821140289307,0.6734361052513123,-0.3709775507450104,0.9910064339637756,0.07540050148963928,0.04932527244091034,-0.25625690817832947,0.9052890539169312,0.2808721661567688,0.4022798538208008,-0.5448225140571594,0.9835975170135498,0.2568073570728302,0.06334800273180008,-0.7809343934059143,0.9101912975311279,0.29969868063926697,0.3246575593948364,-0.5934653282165527,0.9631360769271851,0.29316848516464233,0.07891355454921722,-0.8534644246101379,0.8698871731758118,0.34092819690704346,0.3188928961753845,-0.5145519375801086,0.9624562859535217,0.3189805746078491,0.07659366726875305,-0.8122029900550842,0.8643060922622681,0.3353886306285858,0.3404144048690796,-0.5136030316352844,0.9533355236053467,0.3069502115249634,0.08552013337612152,-0.7791641354560852,0.8606590628623962,0.030630044639110565,0.4938489496707916,-0.06047552451491356,0.7879499197006226,-0.0029615871608257294,0.21379601955413818,0.0626397654414177,0.7424776554107666,-0.23797504603862762,0.5175228714942932,-0.04284557327628136,0.23073723912239075,-0.25433555245399475,0.251916766166687,0.2084861397743225,0.2018129825592041,-0.4692278802394867,0.5423405170440674,0.18586020171642303,0.0448947474360466,-0.487567663192749,0.3006519675254822,0.420930951833725,0.039290931075811386,-0.4974423944950104,0.5681825876235962,0.19292086362838745,0.04490286484360695,-0.517094075679779,0.306144118309021,0.43391942977905273,0.0350366085767746,-0.5524982810020447,0.49845510721206665,-0.08250710368156433,0.030657624825835228,-0.5743343830108643,0.33888542652130127,0.14165382087230682,0.023080892860889435
187,normal_stance,0.6522912383079529,0.5015257000923157,-0.24465854465961456,0.9990905523300171,0.6710957288742065,0.5174597501754761,-0.22786284983158112,0.9988073706626892,0.671669602394104,0.5313637256622314,-0.22797812521457672,0.9989332556724548,0.6722233891487122,0.5452711582183838,-0.22813156247138977,0.9986475110054016,0.6707935333251953,0.47721460461616516,-0.22879497706890106,0.9987655878067017,0.671167254447937,0.46105697751045227,-0.2286422699689865,0.9987519383430481,0.6711603403091431,0.4440688490867615,-0.22882674634456635,0.9987064003944397,0.6663071513175964,0.5668438076972961,-0.07223369181156158,0.999201238155365,0.6633217930793762,0.4099805951118469,-0.07843933254480362,0.999233067035675,0.6292176246643066,0.5280175805091858,-0.18172690272331238,0.9991856813430786,0.6292058825492859,0.4798990786075592,-0.18339118361473083,0.9993780255317688,0.5626108050346375,0.6596243381500244,0.01168341375887394,0.9982099533081055,0.5624763369560242,0.305364727973938,-0.045946281403303146,0.9994778633117676,0.4105472266674042,0.7268190383911133,-0.16020049154758453,0.985845148563385,0.41897159814834595,0.1923677772283554,-0.3861002027988434,0.9821833968162537,0.5640029311180115,0.6035168766975403,-0.3589601218700409,0.9843651056289673,0.5786277651786804,0.3298431932926178,-0.6864641308784485,0.9813876748085022,0.6093604564666748,0.5687925815582275,-0.403591513633728,0.965521514415741,0.6194356679916382,0.35737478733062744,-0.7403026819229126,0.9615471363067627,0.6226500272750854,0.5693806409835815,-0.3504664897918701,0.9625592231750488,0.6325211524963379,0.3632067143917084,-0.7082910537719727,0.9576323628425598,0.604102373123169,0.5683417320251465,-0.3428347408771515,0.9548931121826172,0.6184356212615967,0.3621353507041931,-0.6844698786735535,0.9530617594718933,0.23673394322395325,0.5957381129264832,0.023094119504094124,0.9459955096244812,0.23860791325569153,0.37883007526397705,-0.022231128066778183,0.9426319599151611,0.013757592998445034,0.5576388835906982,0.04951692745089531,0.682020902633667,0.031019318848848343,0.3435385525226593,-0.015938840806484222,0.686061680316925,-0.17111092805862427,0.5100243091583252,0.22679005563259125,0.11734562367200851,-0.15582117438316345,0.3504355847835541,0.18535007536411285,0.0790841206908226,-0.1913464218378067,0.4892895519733429,0.23804205656051636,0.11485213041305542,-0.17708353698253632,0.3502007722854614,0.20084722340106964,0.08519423007965088,-0.2530776262283325,0.5168794393539429,0.10714058578014374,0.04465578868985176,-0.2332887500524521,0.35295426845550537,0.049974795430898666,0.032437726855278015
206,slip,0.5992533564567566,0.7584041357040405,-0.24211809039115906,0.9996723532676697,0.6181018948554993,0.7744941115379333,-0.2245236337184906,0.9995859861373901,0.6174551844596863,0.7836555242538452,-0.22464247047901154,0.9996172189712524,0.6166688203811646,0.7931443452835083,-0.22496166825294495,0.9995353817939758,0.6215459704399109,0.7420899271965027,-0.24032028019428253,0.9995669722557068,0.6231227517127991,0.7287606596946716,-0.24019202589988708,0.9995624423027039,0.6245325803756714,0.7147083878517151,-0.2402632087469101,0.9995583295822144,0.6101853251457214,0.7914149761199951,-0.059440191835165024,0.9996545314788818,0.624917209148407,0.6781284809112549,-0.13880179822444916,0.9997605085372925,0.5749351382255554,0.7673976421356201,-0.17301636934280396,0.9995329976081848,0.5802726149559021,0.7257667779922485,-0.19722554087638855,0.9996662139892578,0.49503669142723083,0.7828009724617004,0.04575817659497261,0.998955488204956,0.5773016810417175,0.5119761228561401,-0.06440022587776184,0.9993865489959717,0.3324267566204071,0.8039830327033997,-0.1262059509754181,0.9818747043609619,0.45859330892562866,0.2792697846889496,-0.3077975809574127,0.9903636574745178,0.5057578682899475,0.8235266804695129,-0.36373114585876465,0.9886170029640198,0.5572272539138794,0.4691770374774933,-0.6055551767349243,0.9892619252204895,0.5436030626296997,0.8189584016799927,-0.40789568424224854,0.9752929210662842,0.5808910131454468,0.5068380832672119,-0.6505230069160461,0.9748764634132385,0.5606755614280701,0.82420814037323,-0.355741947889328,0.9725986123085022,0.602494478225708,0.5227336883544922,-0.6212855577468872,0.972030758857727,0.5453633666038513,0.8139200210571289,-0.34577587246894836,0.9685831665992737,0.5901622176170349,0.5150203108787537,-0.5976921319961548,0.9676895141601562,0.229924738407135,0.5394308567047119,0.019544683396816254,0.989014744758606,0.25560566782951355,0.3801531493663788,-0.019047142937779427,0.9883822798728943,0.052400119602680206,0.44450220465660095,0.0585286021232605,0.6012575030326843,0.06513547897338867,0.3215402066707611,-0.003711522091180086,0.5899916887283325,-0.09807204455137253,0.3975875973701477,0.27713194489479065,0.07518905401229858,-0.08395805954933167,0.2922710180282593,0.17499512434005737,0.05980217084288597,-0.11462099105119705,0.38554224371910095,0.30025866627693176,0.09940643608570099,-0.017583709210157394,0.29614517092704773,0.19432133436203003,0.0725979432463646,-0.16786295175552368,0.3725086450576782,0.20635674893856049,0.03866792842745781,-0.15955209732055664,0.2763497531414032,0.07629211992025375,0.031014952808618546
225,duck,0.3952964246273041,0.7499380111694336,-0.6877835392951965,0.9997920393943787,0.41741877794265747,0.7958298325538635,-0.666279137134552,0.9998335242271423,0.41738361120224,0.8077271580696106,-0.6662707328796387,0.9998264908790588,0.4174697995185852,0.8190483450889587,-0.6663962602615356,0.9997993111610413,0.4229430556297302,0.7400133609771729,-0.6716791987419128,0.9998198747634888,0.4264124631881714,0.7207820415496826,-0.6718800067901611,0.9997957944869995,0.42952901124954224,0.704393208026886,-0.6720698475837708,0.9997905492782593,0.4117392301559448,0.8271794319152832,-0.45073986053466797,0.9998736381530762,0.4335871636867523,0.6695735454559326,-0.4722895622253418,0.9998863339424133,0.36581769585609436,0.769763708114624,-0.598771870136261,0.9998463988304138,0.3764372766017914,0.7096703052520752,-0.6047736406326294,0.9998910427093506,0.303844153881073,0.8552129864692688,-0.2629355490207672,0.999581515789032,0.37675270438194275,0.4817171096801758,-0.33395037055015564,0.9994146227836609,0.08988207578659058,0.9025155305862427,-0.4698910117149353,0.9676909446716309,0.18579012155532837,0.29993411898612976,-0.5706295967102051,0.9715036749839783,0.26744717359542847,0.8840086460113525,-0.8187015056610107,0.9790511727333069,0.28936079144477844,0.5565356016159058,-0.9011857509613037,0.9708479046821594,0.30743467807769775,0.865866482257843,-0.8779345154762268,0.9560055732727051,0.30887919664382935,0.637317419052124,-0.9562298059463501,0.9378887414932251,0.33339715003967285,0.8772516846656799,-0.8265971541404724,0.951746940612793,0.3446565270423889,0.6306983232498169,-0.9091554880142212,0.9366629719734192,0.32634902000427246,0.8717262744903564,-0.8032346963882446,0.9446791410446167,0.33895206451416016,0.6141893863677979,-0.8860070109367371,0.9279060959815979,0.04275304079055786,0.5900399088859558,0.026653049513697624,0.9676106572151184,0.06314559280872345,0.36851251125335693,-0.025411052629351616,0.9715456366539001,-0.18838714063167572,0.5208991169929504,0.1440751999616623,0.3457924723625183,-0.1607842594385147,0.30331361293792725,0.13209886848926544,0.40439173579216003,-0.3584073483943939,0.43443000316619873,0.5804827809333801,0.07491645216941833,-0.33759018778800964,0.2142127901315689,0.45262107253074646,0.11066093295812607,-0.377855509519577,0.41685882210731506,0.6168723702430725,0.09933128207921982,-0.3609063923358917,0.19086258113384247,0.48164695501327515,0.12491945922374725,-0.4388815760612488,0.3902307152748108,0.4399103820323944,0.064488984644413,-0.4118002951145172,0.20528864860534668,0.2767721712589264,0.08405103534460068
247,normal_stance,0.6534828543663025,0.5086130499839783,-0.20650139451026917,0.9998950362205505,0.6760843396186829,0.5269267559051514,-0.19356884062290192,0.9998992085456848,0.676323413848877,0.542572021484375,-0.1937406063079834,0.999895453453064,0.6760895848274231,0.5567798614501953,-0.19388797879219055,0.9998795986175537,0.6738157868385315,0.48266956210136414,-0.18407189846038818,0.9998980760574341,0.6727473139762878,0.4671829640865326,-0.18408168852329254,0.9998846054077148,0.671660304069519,0.45257309079170227,-0.184303879737854,0.9998798370361328,0.6681458950042725,0.5810326933860779,-0.07719989866018295,0.9999229907989502,0.6612644195556641,0.43371275067329407,-0.034885939210653305,0.9999305009841919,0.6304064989089966,0.53859943151474,-0.1616620272397995,0.999927282333374,0.6285179853439331,0.48226743936538696,-0.14953458309173584,0.9999369978904724,0.551546573638916,0.7022417187690735,-0.027954302728176117,0.9997087717056274,0.5532410144805908,0.3544010818004608,0.01661924459040165,0.9997275471687317,0.36794978380203247,0.7477815747261047,-0.17540960013866425,0.9878507852554321,0.39862656593322754,0.24360990524291992,-0.21594378352165222,0.9891300797462463,0.511301577091217,0.6132335066795349,-0.31943121552467346,0.9891770482063293,0.5315380692481995,0.34328365325927734,-0.5290810465812683,0.9897115230560303,0.5433682203292847,0.5615045428276062,-0.3470335900783539,0.973657488822937,0.5718960762023926,0.37428155541419983,-0.5717409253120422,0.9751190543174744,0.5688498020172119,0.5631275773048401,-0.30904972553253174,0.9705607891082764,0.5863050818443298,0.3824901580810547,-0.535104513168335,0.9726660251617432,0.5537375807762146,0.5723462700843811,-0.3026811182498932,0.9649785161018372,0.5723252892494202,0.3849249482154846,-0.5216071605682373,0.9672989845275879,0.2463877946138382,0.6253340244293213,0.00369576970115304,0.9898067712783813,0.24544602632522583,0.40171971917152405,-0.0031131126452237368,0.9914272427558899,0.03287927433848381,0.626563310623169,-0.03947807475924492,0.7504201531410217,0.055265676230192184,0.36429014801979065,0.0327552855014801,0.7741643190383911,-0.13442209362983704,0.6137676239013672,0.12885555624961853,0.20895949006080627,-0.1299441009759903,0.3841613531112671,0.2846395671367645,0.21538208425045013,-0.15296819806098938,0.5988038182258606,0.14030802249908447,0.20671828091144562,-0.14936549961566925,0.3922137916088104,0.30861321091651917,0.16475911438465118,-0.21430552005767822,0.6369565725326538,0.02749047987163067,0.1256619393825531,-0.19981501996517181,0.35729753971099854,0.21340419352054596,0.11259516328573227
280,slip,0.608456552028656,0.29323309659957886,-0.2146291732788086,0.9996628165245056,0.6348558068275452,0.3083711862564087,-0.23575524985790253,0.9995262622833252,0.6385965347290039,0.3250393271446228,-0.23585397005081177,0.9995412230491638,0.6421915292739868,0.34301280975341797,-0.23612406849861145,0.999480664730072,0.6268857717514038,0.270768404006958,-0.2017345279455185,0.999512255191803,0.6248845458030701,0.25895968079566956,-0.20164227485656738,0.9994187951087952,0.6227654218673706,0.24688702821731567,-0.20192831754684448,0.9993998408317566,0.6427006125450134,0.39231085777282715,-0.1904166042804718,0.999600350856781,0.618753969669342,0.2561345100402832,-0.045881979167461395,0.9995022416114807,0.593693733215332,0.3376709222793579,-0.19154895842075348,0.9997349977493286,0.5827603340148926,0.2953767776489258,-0.14686192572116852,0.9997115731239319,0.5816934704780579,0.5576969981193542,-0.12415450066328049,0.9986314177513123,0.5168034434318542,0.24379795789718628,0.04975637048482895,0.9991408586502075,0.4059244990348816,0.6671202182769775,-0.2059348225593567,0.9905723333358765,0.37929683923721313,0.151139035820961,-0.12792059779167175,0.9748204946517944,0.5290237069129944,0.47511667013168335,-0.2156597226858139,0.9867483377456665,0.5304058790206909,0.17802883684635162,-0.46638303995132446,0.980708122253418,0.5561922788619995,0.43201446533203125,-0.22463107109069824,0.9696770310401917,0.5715590119361877,0.18964062631130219,-0.5108398199081421,0.9605430364608765,0.5770916938781738,0.4223223924636841,-0.19267073273658752,0.9656682014465332,0.5861013531684875,0.19578033685684204,-0.4761451780796051,0.9536219239234924,0.5650269389152527,0.4314335584640503,-0.19586396217346191,0.9597247838973999,0.5717719197273254,0.20290668308734894,-0.46229010820388794,0.9498594403266907,0.2401532381772995,0.6088473796844482,-0.03330535814166069,0.9942373633384705,0.21944746375083923,0.4020724594593048,0.03404689207673073,0.9944876432418823,0.05997422710061073,0.691863477230072,-0.12672559916973114,0.8517854809761047,0.035375021398067474,0.38570743799209595,0.1551043540239334,0.7701146602630615,-0.1032799556851387,0.7376675009727478,0.02769298292696476,0.2989223301410675,-0.12640075385570526,0.4914075434207916,0.4238833487033844,0.18187935650348663,-0.12137149274349213,0.7371482849121094,0.038261111825704575,0.29397591948509216,-0.14621147513389587,0.5255829095840454,0.44892650842666626,0.184796541929245,-0.19266802072525024,0.7700746655464172,-0.08146590739488602,0.16854913532733917,-0.20390665531158447,0.45538076758384705,0.3524196743965149,0.08848301321268082
300,duck,0.3530844449996948,0.2172107994556427,-0.6338459253311157,0.9992337226867676,0.38970690965652466,0.23358792066574097,-0.6408586502075195,0.9989139437675476,0.39507749676704407,0.2542581856250763,-0.640807569026947,0.9990220665931702,0.39984098076820374,0.2752591669559479,-0.6410132050514221,0.9988572001457214,0.38046181201934814,0.18346388638019562,-0.6222062706947327,0.9987954497337341,0.38007938861846924,0.1684790551662445,-0.6222267150878906,0.9986671209335327,0.38003817200660706,0.15492966771125793,-0.6224374175071716,0.9986923336982727,0.4093838930130005,0.32439813017845154,-0.5287960171699524,0.9992653727531433,0.3853375017642975,0.1601085066795349,-0.43402159214019775,0.9990586638450623,0.3376845121383667,0.27401915192604065,-0.5765978097915649,0.9995757937431335,0.3308700621128082,0.21623171865940094,-0.5495666861534119,0.9995729327201843,0.3400798738002777,0.5068100094795227,-0.3927536904811859,0.9982540607452393,0.29646316170692444,0.11832419782876968,-0.25825566053390503,0.9991458058357239,0.14589208364486694,0.6780688762664795,-0.5460070967674255,0.9664448499679565,0.08517567068338394,0.08649391680955887,-0.43095725774765015,0.9289175271987915,0.26759737730026245,0.38936272263526917,-0.7563112378120422,0.9300388097763062,0.25991910696029663,0.11068598181009293,-0.6698858141899109,0.9323958158493042,0.3009946346282959,0.3122731149196625,-0.7907186150550842,0.8838988542556763,0.2938591241836548,0.10318849980831146,-0.6933901906013489,0.876994252204895,0.3291386663913727,0.3143256604671478,-0.7220224738121033,0.8837377429008484,0.3092694878578186,0.10944165289402008,-0.6393446326255798,0.8668705821037292,0.32215234637260437,0.3327542543411255,-0.7268138527870178,0.8643843531608582,0.302096426486969,0.12364894896745682,-0.6497722268104553,0.8488271236419678,0.08788199722766876,0.5067583322525024,-0.027531271800398827,0.9385511875152588,0.06512706726789474,0.29677119851112366,0.027974240481853485,0.9414879083633423,-0.0072977617383003235,0.6362093091011047,-0.40483227372169495,0.7907465100288391,-0.07422208786010742,0.28852492570877075,-0.1835036277770996,0.6901837587356567,-0.17183920741081238,0.6124078035354614,0.00955516193062067,0.37905648350715637,-0.2163887619972229,0.45058727264404297,0.1367814689874649,0.29037362337112427,-0.18669696152210236,0.599057674407959,0.04687801003456116,0.3702264130115509,-0.22997231781482697,0.4842566251754761,0.16529442369937897,0.28713175654411316,-0.2746737599372864,0.6405335664749146,-0.09736009687185287,0.256328284740448,-0.3021396994590759,0.4814586043357849,0.01616894267499447,0.17940065264701843
337,normal_stance,0.6605293154716492,0.438698947429657,-0.2374534010887146,0.9998252987861633,0.6818743348121643,0.4666641652584076,-0.21303468942642212,0.9997846484184265,0.6815552711486816,0.4838816821575165,-0.21309997141361237,0.999772310256958,0.6804252862930298,0.5015718936920166,-0.21320198476314545,0.999746561050415,0.6794922947883606,0.4201343357563019,-0.20887497067451477,0.9997493624687195,0.6779030561447144,0.40579599142074585,-0.20889821648597717,0.9997077584266663,0.6762965321540833,0.3922528326511383,-0.20903834700584412,0.9996920228004456,0.6686683893203735,0.5278281569480896,-0.05775861442089081,0.9998048543930054,0.663856565952301,0.36988216638565063,-0.03986700251698494,0.999852180480957,0.633929967880249,0.47581011056900024,-0.17923900485038757,0.9998753070831299,0.6352688670158386,0.4096415638923645,-0.17419588565826416,0.9999023079872131,0.54853355884552,0.6255468726158142,0.01934179849922657,0.9995032548904419,0.544975996017456,0.2510102093219757,0.03802679479122162,0.9995997548103333,0.3814202845096588,0.7234314680099487,-0.14279237389564514,0.9901995658874512,0.3818967342376709,0.11471618711948395,-0.20822417736053467,0.9402155876159668,0.5464432239532471,0.5734632611274719,-0.297108918428421,0.9916110038757324,0.5569059252738953,0.27620092034339905,-0.40038466453552246,0.9118221402168274,0.5964104533195496,0.537606954574585,-0.3297003507614136,0.9797254204750061,0.6063252687454224,0.3255869150161743,-0.4306446611881256,0.8613291382789612,0.6109575033187866,0.533767819404602,-0.2662510871887207,0.9774942398071289,0.6190930008888245,0.32959702610969543,-0.3603363037109375,0.8513753414154053,0.5958364605903625,0.5339571237564087,-0.27308663725852966,0.9706774950027466,0.6035357713699341,0.32776007056236267,-0.38012436032295227,0.8478395342826843,0.2340202033519745,0.5726578831672668,0.0095295999199152,0.9947968125343323,0.2227713167667389,0.3299458920955658,-0.00866527110338211,0.9950190782546997,0.017014160752296448,0.5383589267730713,0.016149353235960007,0.8799121975898743,0.008405118249356747,0.3417915403842926,0.0436248742043972,0.8786352872848511,-0.1457175761461258,0.5147648453712463,0.29523158073425293,0.33923840522766113,-0.14395499229431152,0.3630112111568451,0.34434378147125244,0.3242691159248352,-0.1665753871202469,0.5010308623313904,0.31585603952407837,0.29298272728919983,-0.16323690116405487,0.36474093794822693,0.377215176820755,0.20664285123348236,-0.22528913617134094,0.5321595668792725,0.18922336399555206,0.1924443542957306,-0.21850360929965973,0.35291698575019836,0.24202825129032135,0.17415884137153625
358,slip,0.6162682175636292,0.7425038814544678,-0.2668720483779907,0.9998385310173035,0.6357113718986511,0.7609333395957947,-0.2476034164428711,0.9997814297676086,0.6347936391830444,0.7729257941246033,-0.24771317839622498,0.999777615070343,0.6336731314659119,0.7848799228668213,-0.2480989396572113,0.9997471570968628,0.6383253931999207,0.7220832705497742,-0.2505219280719757,0.9997614622116089,0.639377772808075,0.7037853598594666,-0.2503493130207062,0.999743640422821,0.640067458152771,0.6845704913139343,-0.2503834366798401,0.9997602105140686,0.6226938962936401,0.7898142337799072,-0.08760394901037216,0.999809741973877,0.6339283585548401,0.6438210010528564,-0.1108873039484024,0.9998849034309387,0.5908891558647156,0.7575830817222595,-0.20251713693141937,0.9998316168785095,0.5955119132995605,0.7084096074104309,-0.20861481130123138,0.9998905658721924,0.49933260679244995,0.8045708537101746,-0.012600403279066086,0.9995302557945251,0.5609520077705383,0.5048671364784241,-0.013089827261865139,0.999626874923706,0.32914063334465027,0.8329050540924072,-0.1770874708890915,0.9892404675483704,0.4441013038158417,0.25442489981651306,-0.23086395859718323,0.9852620363235474,0.4629805088043213,0.8192232847213745,-0.40041881799697876,0.9908285140991211,0.5393794775009155,0.4289654493331909,-0.5649715662002563,0.9805242419242859,0.5001750588417053,0.782433271408081,-0.438449889421463,0.9790683388710022,0.5668937563896179,0.47093820571899414,-0.6116743087768555,0.9604167938232422,0.5257794857025146,0.7987818121910095,-0.3918960392475128,0.9761834144592285,0.5857821702957153,0.4888690412044525,-0.576353907585144,0.9558218717575073,0.5140260457992554,0.7986084222793579,-0.3841952085494995,0.9714472889900208,0.5722751617431641,0.480099081993103,-0.5563780665397644,0.9499857425689697,0.21498419344425201,0.5397453904151917,-0.01371709629893303,0.9953808784484863,0.23956163227558136,0.38913577795028687,0.01397536601871252,0.9950866103172302,0.03297429531812668,0.41630563139915466,-0.07550404220819473,0.6365046501159668,0.04616927728056908,0.31153109669685364,0.031174730509519577,0.5778811573982239,-0.09936977177858353,0.389500230550766,0.3269231617450714,0.11094897985458374,-0.10317463427782059,0.2830292880535126,0.27221381664276123,0.10678672790527344,-0.10689659416675568,0.38660550117492676,0.36347419023513794,0.12439650297164917,-0.11966178566217422,0.290178507566452,0.30104392766952515,0.10809780657291412,-0.1701955795288086,0.35310599207878113,0.3057738244533539,0.061715614050626755,-0.1723867803812027,0.23519127070903778,0.218003511428833,0.05978550389409065
373,duck,0.37372082471847534,0.7656087279319763,-0.685005784034729,0.9997346997261047,0.4020851254463196,0.7966212034225464,-0.6530613899230957,0.9998251795768738,0.40337684750556946,0.8114010095596313,-0.6532304883003235,0.9998185038566589,0.4046463072299957,0.8253882527351379,-0.6535493731498718,0.9997910857200623,0.4018802344799042,0.7461526989936829,-0.6725032329559326,0.9997954964637756,0.40300804376602173,0.7259113192558289,-0.672571063041687,0.9997572898864746,0.4043857455253601,0.7075137495994568,-0.6727263331413269,0.9997556805610657,0.40483397245407104,0.8340115547180176,-0.4395084083080292,0.999877393245697,0.410453200340271,0.6698739528656006,-0.5077424049377441,0.9998661279678345,0.3505498468875885,0.7828611731529236,-0.5928771495819092,0.9998903870582581,0.35518044233322144,0.7248967885971069,-0.6162260174751282,0.9999341368675232,0.30310970544815063,0.8457908630371094,-0.25096261501312256,0.9996837377548218,0.3571240305900574,0.4755418002605438,-0.37661901116371155,0.9995021820068359,0.08392290025949478,0.9200041890144348,-0.4606005549430847,0.9776697754859924,0.2036553919315338,0.21007779240608215,-0.5757915377616882,0.9791244268417358,0.2598525881767273,0.8879875540733337,-0.8100881576538086,0.9792235493659973,0.3039814531803131,0.46821027994155884,-0.8761380314826965,0.9594787955284119,0.2986828684806824,0.8652892708778381,-0.8677010536193848,0.9501117467880249,0.32338637113571167,0.5606502890586853,-0.9212831854820251,0.9156883358955383,0.3264094293117523,0.8771372437477112,-0.8064786195755005,0.9450226426124573,0.3515221178531647,0.573395848274231,-0.8744004368782043,0.9141499400138855,0.3210604786872864,0.8759379982948303,-0.7893001437187195,0.9304844737052917,0.3475925028324127,0.5544004440307617,-0.8584751486778259,0.8999602794647217,0.08411885052919388,0.5888130068778992,0.0563591830432415,0.976619303226471,0.08508402854204178,0.37405771017074585,-0.05579804629087448,0.9673301577568054,-0.013320893980562687,0.8607500195503235,-0.018730752170085907,0.5133713483810425,-0.07819154858589172,0.46033361554145813,-0.02664567530155182,0.5023924112319946,-0.17624442279338837,0.6583468317985535,0.3766803741455078,0.11666890233755112,-0.20549052953720093,0.4359331429004669,0.3417583405971527,0.1623023897409439,-0.17742635309696198,0.6006350517272949,0.4135167896747589,0.14068467915058136,-0.22831855714321136,0.40878957509994507,0.3800428509712219,0.16155341267585754,-0.31976836919784546,0.6616590619087219,0.3262172043323517,0.10386515408754349,-0.2773246169090271,0.4742489457130432,0.258804589509964,0.12436199188232422
394,normal_stance,0.624150812625885,0.6389833092689514,-0.29943451285362244,0.9997028112411499,0.6456246972084045,0.6609294414520264,-0.27945899963378906,0.9997333288192749,0.6447190642356873,0.6748816967010498,-0.2795625627040863,0.9997009038925171,0.6434497237205505,0.6869093179702759,-0.27968713641166687,0.9996711015701294,0.6479158997535706,0.6168327927589417,-0.2791995108127594,0.9997310638427734,0.6488518714904785,0.6012267470359802,-0.27910807728767395,0.9996741414070129,0.6490698456764221,0.5870529413223267,-0.2792696952819824,0.9996756315231323,0.6329736113548279,0.7053642272949219,-0.12752382457256317,0.9997813701629639,0.6397995948791504,0.558234453201294,-0.12474216520786285,0.9998160004615784,0.597813606262207,0.6633382439613342,-0.24021415412425995,0.9998496174812317,0.602176308631897,0.6049789190292358,-0.23912616074085236,0.9998944997787476,0.5184417366981506,0.7842166423797607,-0.04584292322397232,0.9994691610336304,0.5404303073883057,0.43010008335113525,-0.05818081274628639,0.9995635747909546,0.369375079870224,0.8709927201271057,-0.23545321822166443,0.982760488986969,0.39524105191230774,0.28417640924453735,-0.30986887216567993,0.9834415912628174,0.5131588578224182,0.7752758264541626,-0.44889315962791443,0.9825558662414551,0.5409388542175293,0.46162891387939453,-0.5912365913391113,0.9793973565101624,0.5599977970123291,0.7336122989654541,-0.49046897888183594,0.955277144908905,0.5775233507156372,0.503110945224762,-0.6329684853553772,0.9513201117515564,0.5734704732894897,0.7332807779312134,-0.4274458885192871,0.9498846530914307,0.5923711061477661,0.5039476156234741,-0.589617908000946,0.9475176334381104,0.5563408732414246,0.7263427376747131,-0.4261167049407959,0.9386199116706848,0.5788601636886597,0.5063727498054504,-0.5789564251899719,0.9362165927886963,0.2272731363773346,0.6630434989929199,0.005949854385107756,0.9853385090827942,0.23463520407676697,0.4547783136367798,-0.005191998556256294,0.9861609935760498,0.019925884902477264,0.6162335872650146,-0.03319394960999489,0.7391404509544373,0.054329439997673035,0.4360349774360657,0.046940844506025314,0.712561845779419,-0.1221642792224884,0.5883688926696777,0.2545817494392395,0.2955513596534729,-0.11222035437822342,0.3863983154296875,0.2961727976799011,0.3130166828632355,-0.13667549192905426,0.5713746547698975,0.2772427499294281,0.30893582105636597,-0.13170595467090607,0.38708198070526123,0.3198848366737366,0.2974378168582916,-0.19920678436756134,0.5966542959213257,0.15599317848682404,0.18159599602222443,-0.18387405574321747,0.3588564097881317,0.18208694458007812,0.1786072999238968
413,slip,0.6319419145584106,0.3391939699649811,-0.4293409585952759,0.9997389316558838,0.6557936072349548,0.3547346591949463,-0.4222400188446045,0.999692440032959,0.658138632774353,0.3719077408313751,-0.42221423983573914,0.9996822476387024,0.6602707505226135,0.3867267370223999,-0.4223233759403229,0.9996464252471924,0.6498754620552063,0.3006647229194641,-0.4184461832046509,0.9996783137321472,0.6487942934036255,0.2851313352584839,-0.41826754808425903,0.9996475577354431,0.6475825905799866,0.27192234992980957,-0.4184340536594391,0.9996404051780701,0.6571991443634033,0.40604066848754883,-0.25798454880714417,0.9997540712356567,0.6397760510444641,0.2574036419391632,-0.24248170852661133,0.999809980392456,0.6138197779655457,0.38633638620376587,-0.35617974400520325,0.9998145699501038,0.6059839129447937,0.31805530190467834,-0.35155823826789856,0.9998385310173035,0.5791589617729187,0.5518171787261963,-0.09500887244939804,0.9994341135025024,0.5313425660133362,0.20258861780166626,-0.15950456261634827,0.9995346665382385,0.41455212235450745,0.7208402156829834,-0.22300182282924652,0.9864723682403564,0.37205052375793457,0.1557707041501999,-0.42962944507598877,0.9872922301292419,0.5416885614395142,0.5622478127479553,-0.39654383063316345,0.9867096543312073,0.5489908456802368,0.278165727853775,-0.6883967518806458,0.9840096831321716,0.5788382887840271,0.5161747336387634,-0.4215274453163147,0.9661784172058105,0.5803523659706116,0.3188987076282501,-0.7215213775634766,0.9618154764175415,0.6050703525543213,0.5162417888641357,-0.363895982503891,0.9614606499671936,0.6053528189659119,0.3150915205478668,-0.6731166243553162,0.955885112285614,0.5931829810142517,0.5224872827529907,-0.37282228469848633,0.9539391398429871,0.5954199433326721,0.3105562925338745,-0.6708706021308899,0.9486123919487,0.25465115904808044,0.6115812659263611,0.007678791880607605,0.9915544986724854,0.23262378573417664,0.36172354221343994,-0.006906516849994659,0.992781937122345,0.04210967943072319,0.5936118364334106,0.11656423658132553,0.817966103553772,0.03420817479491234,0.3993871510028839,0.06923654675483704,0.8021203279495239,-0.13822294771671295,0.5911197662353516,0.3853755593299866,0.30842524766921997,-0.13752049207687378,0.43737879395484924,0.41193222999572754,0.20982345938682556,-0.15812532603740692,0.5778250694274902,0.40736669301986694,0.2932668924331665,-0.15155521035194397,0.4419233798980713,0.44769051671028137,0.20758560299873352,-0.22826826572418213,0.6117762327194214,0.279257208108902,0.15184032917022705,-0.21941907703876495,0.4522821605205536,0.32665640115737915,0.1039932519197464
429,duck,0.3982328474521637,0.305108904838562,-0.39467352628707886,0.9975876212120056,0.43033698201179504,0.3236270844936371,-0.38838449120521545,0.9971421957015991,0.43342992663383484,0.34683096408843994,-0.3880857229232788,0.9975790977478027,0.4365815818309784,0.36824333667755127,-0.3879576027393341,0.9970849752426147,0.42396196722984314,0.2636226415634155,-0.37651726603507996,0.9968808889389038,0.4222423732280731,0.24692906439304352,-0.37603333592414856,0.9969547986984253,0.4204794764518738,0.231765478849411,-0.37624117732048035,0.9969082474708557,0.43923118710517883,0.4078613221645355,-0.23709003627300262,0.9983606934547424,0.41869840025901794,0.21736809611320496,-0.17046664655208588,0.9983443021774292,0.379655122756958,0.36162465810775757,-0.3313266634941101,0.9987645745277405,0.3719683289527893,0.2884675860404968,-0.3124856948852539,0.9990314841270447,0.3558134138584137,0.5913456678390503,-0.1024772897362709,0.9984858632087708,0.3140411078929901,0.1708245724439621,-0.043827448040246964,0.9993144273757935,0.16174177825450897,0.7807180881500244,-0.33930304646492004,0.9815888404846191,0.08397718518972397,0.1033196896314621,-0.32296040654182434,0.9806240797042847,0.3154906630516052,0.5569760799407959,-0.6253497004508972,0.9749024510383606,0.28905239701271057,0.18830567598342896,-0.7355130910873413,0.9757726192474365,0.3464337885379791,0.48501649498939514,-0.6654720306396484,0.940508246421814,0.33111119270324707,0.22921432554721832,-0.7935797572135925,0.9352948069572449,0.37591317296028137,0.4826620817184448,-0.595196008682251,0.9354942440986633,0.3593544661998749,0.23562785983085632,-0.7332263588905334,0.9262430667877197,0.36884376406669617,0.49264034628868103,-0.6004613637924194,0.9277129769325256,0.348461776971817,0.23353879153728485,-0.7198670506477356,0.9165195226669312,0.02624829113483429,0.584259569644928,-0.00347336707636714,0.7565516233444214,-0.010048110038042068,0.28427961468696594,0.006591011770069599,0.730368435382843,-0.24930043518543243,0.6290480494499207,-0.01926012896001339,0.41724008321762085,-0.26502329111099243,0.34413596987724304,0.010413571260869503,0.4002663195133209,-0.4780275523662567,0.6788117289543152,0.23677216470241547,0.13118042051792145,-0.4995075464248657,0.39283549785614014,0.10275234282016754,0.10984411090612411,-0.5049805641174316,0.6978089213371277,0.2435230016708374,0.12657369673252106,-0.5309413075447083,0.3943057954311371,0.10120227187871933,0.1089525893330574,-0.5670922994613647,0.6278774738311768,-0.023480715230107307,0.06527432799339294,-0.5840620994567871,0.44357264041900635,-0.1918848752975464,0.05378694459795952
